<?xml version="1.0" encoding="UTF-8"?>
<hibernate-configuration>
<session-factory>
<property name="hbm2ddl.auto">update</property>
<property name="hiberate.dialect">org.hibernate.dialect.H2Dialect</property>
<property name="hibernate.connection.driver_class">org.h2.Driver</property>
<property name="hibernate.connection.url">jdbc:h2:tcp://localhost/~/test</property>
<property name="hibernate.connection.username">sa</property>
<property name="hibernate.connection.password"></property>
<property name="show_sql">true</property>
 <mapping class="com.xyz.Hibernatedb.DAOModel.ProductModel"></mapping>
 <mapping class="com.xyz.Hibernatedb.DAOModel.CategoryModel"></mapping>
 <mapping class="com.xyz.Hibernatedb.DAOModel.UserModel"></mapping>
</session-factory>
</hibernate-configuration>